INSERT INTO contadb.catoperadores(idoperador, operador, idestatus) VALUES (	1	,"ninguno",	1	);
INSERT INTO contadb.catoperadores(idoperador, operador, idestatus) VALUES (	2	,"suma",	1	);
INSERT INTO contadb.catoperadores(idoperador, operador, idestatus) VALUES (	3	,"multiplicador",	1	);

INSERT INTO contadb.catparametros(idparametro, parametro, valor, idoperador, idunidad, idperiodo, limiteinf, limitemax, idestatus, annio, aplicaisr, pctgaplicaisr) VALUES (	1	,"prima dominical",	51.82	,	0	,	1	,	2	,	51.82	,	51.82	,	1	,	2023	,	0	,	0	);
INSERT INTO contadb.catparametros(idparametro, parametro, valor, idoperador, idunidad, idperiodo, limiteinf, limitemax, idestatus, annio, aplicaisr, pctgaplicaisr) VALUES (	2	,"uma diaria",	103.74	,	0	,	1	,	1	,	103.74	,	103.74	,	1	,	2023	,	0	,	0	);
INSERT INTO contadb.catparametros(idparametro, parametro, valor, idoperador, idunidad, idperiodo, limiteinf, limitemax, idestatus, annio, aplicaisr, pctgaplicaisr) VALUES (	3	,"salario minimo general",	207.44	,	0	,	1	,	1	,	207.44	,	414.88	,	1	,	2023	,	2	,	100	);
INSERT INTO contadb.catparametros(idparametro, parametro, valor, idoperador, idunidad, idperiodo, limiteinf, limitemax, idestatus, annio, aplicaisr, pctgaplicaisr) VALUES (	4	,"salario minimo general frontera",	312.41	,	0	,	1	,	1	,	312.41	,	624.82	,	1	,	2023	,	2	,	100	);
INSERT INTO contadb.catparametros(idparametro, parametro, valor, idoperador, idunidad, idperiodo, limiteinf, limitemax, idestatus, annio, aplicaisr, pctgaplicaisr) VALUES (	5	,"horas extras dobles",	2	,	2	,	3	,	6	,	1	,	3	,	1	,	2023	,	2	,	50	);
INSERT INTO contadb.catparametros(idparametro, parametro, valor, idoperador, idunidad, idperiodo, limiteinf, limitemax, idestatus, annio, aplicaisr, pctgaplicaisr) VALUES (	6	,"horas extras triples",	3	,	2	,	3	,	6	,	4	,	8	,	1	,	2023	,	1	,	100	);


INSERT INTO contadb.catperiodos(idperiodo, periodo, totaldias, diasdescanso,idestatus) VALUES (	1	,"diario",	1	,	0	,1);
INSERT INTO contadb.catperiodos(idperiodo, periodo, totaldias, diasdescanso,idestatus) VALUES (	2	,"semanal",	7	,	1	,1);
INSERT INTO contadb.catperiodos(idperiodo, periodo, totaldias, diasdescanso,idestatus) VALUES (	3	,"quincenal",	15	,	2	,1);
INSERT INTO contadb.catperiodos(idperiodo, periodo, totaldias, diasdescanso,idestatus) VALUES (	4	,"mensual",	30	,	4	,1);
INSERT INTO contadb.catperiodos(idperiodo, periodo, totaldias, diasdescanso,idestatus) VALUES (	5	,"decenales",	10	,	1	,1);
INSERT INTO contadb.catperiodos(idperiodo, periodo, totaldias, diasdescanso,idestatus) VALUES (	6	,"anual",	365	,	52	,1);
INSERT INTO contadb.catperiodos(idperiodo, periodo, totaldias, diasdescanso,idestatus) VALUES (	7	,"hora",	0.125	,	0	,1);

INSERT INTO contadb.catunidades(idunidad, unidad, idestatus) VALUES (	1	,"pesos",	1	);
INSERT INTO contadb.catunidades(idunidad, unidad, idestatus) VALUES (	2	,"porcentaje",	1	);
INSERT INTO contadb.catunidades(idunidad, unidad, idestatus) VALUES (	3	,"horas",	1	);

INSERT INTO contadb.rangosisr(idrango, idperiodo, annio, limiteinferior, limitesuperior, cuotafija, pctgaplica, idestatus, orden) VALUES (	1	,	1	,	2023	,	0.01	,	24.54	,	0.00	,	1.92	,	1	,	1	);
INSERT INTO contadb.rangosisr(idrango, idperiodo, annio, limiteinferior, limitesuperior, cuotafija, pctgaplica, idestatus, orden) VALUES (	2	,	1	,	2023	,	24.54	,	208.29	,	0.47	,	6.40	,	1	,	2	);
INSERT INTO contadb.rangosisr(idrango, idperiodo, annio, limiteinferior, limitesuperior, cuotafija, pctgaplica, idestatus, orden) VALUES (	3	,	1	,	2023	,	208.30	,	366.05	,	12.23	,	10.88	,	1	,	3	);
INSERT INTO contadb.rangosisr(idrango, idperiodo, annio, limiteinferior, limitesuperior, cuotafija, pctgaplica, idestatus, orden) VALUES (	4	,	1	,	2023	,	366.06	,	425.52	,	29.40	,	16.00	,	1	,	4	);
INSERT INTO contadb.rangosisr(idrango, idperiodo, annio, limiteinferior, limitesuperior, cuotafija, pctgaplica, idestatus, orden) VALUES (	5	,	1	,	2023	,	425.53	,	509.46	,	38.91	,	17.92	,	1	,	5	);
INSERT INTO contadb.rangosisr(idrango, idperiodo, annio, limiteinferior, limitesuperior, cuotafija, pctgaplica, idestatus, orden) VALUES (	6	,	1	,	2023	,	509.47	,	1027.52	,	53.95	,	21.36	,	1	,	6	);
INSERT INTO contadb.rangosisr(idrango, idperiodo, annio, limiteinferior, limitesuperior, cuotafija, pctgaplica, idestatus, orden) VALUES (	7	,	1	,	2023	,	1027.53	,	1619.51	,	164.61	,	23.52	,	1	,	7	);
INSERT INTO contadb.rangosisr(idrango, idperiodo, annio, limiteinferior, limitesuperior, cuotafija, pctgaplica, idestatus, orden) VALUES (	8	,	1	,	2023	,	1619.52	,	3091.90	,	303.85	,	30.00	,	1	,	8	);
INSERT INTO contadb.rangosisr(idrango, idperiodo, annio, limiteinferior, limitesuperior, cuotafija, pctgaplica, idestatus, orden) VALUES (	9	,	1	,	2023	,	3091.91	,	4122.54	,	745.56	,	32.00	,	1	,	9	);
INSERT INTO contadb.rangosisr(idrango, idperiodo, annio, limiteinferior, limitesuperior, cuotafija, pctgaplica, idestatus, orden) VALUES (	10	,	1	,	2023	,	4122.55	,	12367.62	,	1075.37	,	34.00	,	1	,	10	);
INSERT INTO contadb.rangosisr(idrango, idperiodo, annio, limiteinferior, limitesuperior, cuotafija, pctgaplica, idestatus, orden) VALUES (	11	,	1	,	2023	,	12367.63	,	999999999.00	,	3878.69	,	35.00	,	1	,	11	);
INSERT INTO contadb.rangosisr(idrango, idperiodo, annio, limiteinferior, limitesuperior, cuotafija, pctgaplica, idestatus, orden) VALUES (	12	,	2	,	2023	,	0.01	,	171.78	,	0.00	,	1.92	,	1	,	1	);
INSERT INTO contadb.rangosisr(idrango, idperiodo, annio, limiteinferior, limitesuperior, cuotafija, pctgaplica, idestatus, orden) VALUES (	13	,	2	,	2023	,	171.79	,	1458.03	,	3.29	,	6.40	,	1	,	2	);
INSERT INTO contadb.rangosisr(idrango, idperiodo, annio, limiteinferior, limitesuperior, cuotafija, pctgaplica, idestatus, orden) VALUES (	14	,	2	,	2023	,	1458.04	,	2562.35	,	85.61	,	10.88	,	1	,	3	);
INSERT INTO contadb.rangosisr(idrango, idperiodo, annio, limiteinferior, limitesuperior, cuotafija, pctgaplica, idestatus, orden) VALUES (	15	,	2	,	2023	,	2562.36	,	2978.64	,	205.80	,	16.00	,	1	,	4	);
INSERT INTO contadb.rangosisr(idrango, idperiodo, annio, limiteinferior, limitesuperior, cuotafija, pctgaplica, idestatus, orden) VALUES (	16	,	2	,	2023	,	2978.65	,	3566.22	,	272.37	,	17.92	,	1	,	5	);
INSERT INTO contadb.rangosisr(idrango, idperiodo, annio, limiteinferior, limitesuperior, cuotafija, pctgaplica, idestatus, orden) VALUES (	17	,	2	,	2023	,	3566.23	,	7192.64	,	377.65	,	21.36	,	1	,	6	);
INSERT INTO contadb.rangosisr(idrango, idperiodo, annio, limiteinferior, limitesuperior, cuotafija, pctgaplica, idestatus, orden) VALUES (	18	,	2	,	2023	,	7192.65	,	11336.57	,	1152.27	,	23.52	,	1	,	7	);
INSERT INTO contadb.rangosisr(idrango, idperiodo, annio, limiteinferior, limitesuperior, cuotafija, pctgaplica, idestatus, orden) VALUES (	19	,	2	,	2023	,	11336.58	,	21643.30	,	2126.95	,	30.00	,	1	,	8	);
INSERT INTO contadb.rangosisr(idrango, idperiodo, annio, limiteinferior, limitesuperior, cuotafija, pctgaplica, idestatus, orden) VALUES (	20	,	2	,	2023	,	21643.31	,	28857.78	,	5218.92	,	32.00	,	1	,	9	);
INSERT INTO contadb.rangosisr(idrango, idperiodo, annio, limiteinferior, limitesuperior, cuotafija, pctgaplica, idestatus, orden) VALUES (	21	,	2	,	2023	,	28857.79	,	86573.34	,	7527.59	,	34.00	,	1	,	10	);
INSERT INTO contadb.rangosisr(idrango, idperiodo, annio, limiteinferior, limitesuperior, cuotafija, pctgaplica, idestatus, orden) VALUES (	22	,	2	,	2023	,	86573.35	,	999999999.00	,	27150.83	,	35.00	,	1	,	11	);
INSERT INTO contadb.rangosisr(idrango, idperiodo, annio, limiteinferior, limitesuperior, cuotafija, pctgaplica, idestatus, orden) VALUES (	23	,	5	,	2023	,	0.01	,	245.40	,	0.00	,	1.92	,	1	,	1	);
INSERT INTO contadb.rangosisr(idrango, idperiodo, annio, limiteinferior, limitesuperior, cuotafija, pctgaplica, idestatus, orden) VALUES (	24	,	5	,	2023	,	245.41	,	2082.90	,	4.70	,	6.40	,	1	,	2	);
INSERT INTO contadb.rangosisr(idrango, idperiodo, annio, limiteinferior, limitesuperior, cuotafija, pctgaplica, idestatus, orden) VALUES (	25	,	5	,	2023	,	2082.91	,	3660.50	,	122.30	,	10.88	,	1	,	3	);
INSERT INTO contadb.rangosisr(idrango, idperiodo, annio, limiteinferior, limitesuperior, cuotafija, pctgaplica, idestatus, orden) VALUES (	26	,	5	,	2023	,	3660.51	,	4255.20	,	294.00	,	16.00	,	1	,	4	);
INSERT INTO contadb.rangosisr(idrango, idperiodo, annio, limiteinferior, limitesuperior, cuotafija, pctgaplica, idestatus, orden) VALUES (	27	,	5	,	2023	,	4255.21	,	5094.60	,	389.10	,	17.92	,	1	,	5	);
INSERT INTO contadb.rangosisr(idrango, idperiodo, annio, limiteinferior, limitesuperior, cuotafija, pctgaplica, idestatus, orden) VALUES (	28	,	5	,	2023	,	5094.61	,	10275.20	,	539.50	,	21.36	,	1	,	6	);
INSERT INTO contadb.rangosisr(idrango, idperiodo, annio, limiteinferior, limitesuperior, cuotafija, pctgaplica, idestatus, orden) VALUES (	29	,	5	,	2023	,	10275.21	,	16195.10	,	1646.10	,	23.52	,	1	,	7	);
INSERT INTO contadb.rangosisr(idrango, idperiodo, annio, limiteinferior, limitesuperior, cuotafija, pctgaplica, idestatus, orden) VALUES (	30	,	5	,	2023	,	16195.11	,	30919.00	,	3038.50	,	30.00	,	1	,	8	);
INSERT INTO contadb.rangosisr(idrango, idperiodo, annio, limiteinferior, limitesuperior, cuotafija, pctgaplica, idestatus, orden) VALUES (	31	,	5	,	2023	,	30919.01	,	41225.40	,	7455.60	,	32.00	,	1	,	9	);
INSERT INTO contadb.rangosisr(idrango, idperiodo, annio, limiteinferior, limitesuperior, cuotafija, pctgaplica, idestatus, orden) VALUES (	32	,	5	,	2023	,	41225.41	,	123676.20	,	10753.70	,	34.00	,	1	,	10	);
INSERT INTO contadb.rangosisr(idrango, idperiodo, annio, limiteinferior, limitesuperior, cuotafija, pctgaplica, idestatus, orden) VALUES (	33	,	5	,	2023	,	123676.21	,	999999999.00	,	38786.90	,	35.00	,	1	,	11	);
INSERT INTO contadb.rangosisr(idrango, idperiodo, annio, limiteinferior, limitesuperior, cuotafija, pctgaplica, idestatus, orden) VALUES (	34	,	3	,	2023	,	0.01	,	368.10	,	0.00	,	1.92	,	1	,	1	);
INSERT INTO contadb.rangosisr(idrango, idperiodo, annio, limiteinferior, limitesuperior, cuotafija, pctgaplica, idestatus, orden) VALUES (	35	,	3	,	2023	,	368.11	,	3124.35	,	7.05	,	6.40	,	1	,	2	);
INSERT INTO contadb.rangosisr(idrango, idperiodo, annio, limiteinferior, limitesuperior, cuotafija, pctgaplica, idestatus, orden) VALUES (	36	,	3	,	2023	,	3124.36	,	5490.75	,	183.45	,	10.88	,	1	,	3	);
INSERT INTO contadb.rangosisr(idrango, idperiodo, annio, limiteinferior, limitesuperior, cuotafija, pctgaplica, idestatus, orden) VALUES (	37	,	3	,	2023	,	5490.76	,	6382.80	,	441.00	,	16.00	,	1	,	4	);
INSERT INTO contadb.rangosisr(idrango, idperiodo, annio, limiteinferior, limitesuperior, cuotafija, pctgaplica, idestatus, orden) VALUES (	38	,	3	,	2023	,	6382.81	,	7641.90	,	583.65	,	17.92	,	1	,	5	);
INSERT INTO contadb.rangosisr(idrango, idperiodo, annio, limiteinferior, limitesuperior, cuotafija, pctgaplica, idestatus, orden) VALUES (	39	,	3	,	2023	,	7641.91	,	15412.80	,	809.25	,	21.36	,	1	,	6	);
INSERT INTO contadb.rangosisr(idrango, idperiodo, annio, limiteinferior, limitesuperior, cuotafija, pctgaplica, idestatus, orden) VALUES (	40	,	3	,	2023	,	15412.81	,	24292.65	,	2469.15	,	23.52	,	1	,	7	);
INSERT INTO contadb.rangosisr(idrango, idperiodo, annio, limiteinferior, limitesuperior, cuotafija, pctgaplica, idestatus, orden) VALUES (	41	,	3	,	2023	,	24292.66	,	46378.50	,	4557.75	,	30.00	,	1	,	8	);
INSERT INTO contadb.rangosisr(idrango, idperiodo, annio, limiteinferior, limitesuperior, cuotafija, pctgaplica, idestatus, orden) VALUES (	42	,	3	,	2023	,	46378.51	,	61838.10	,	11183.40	,	32.00	,	1	,	9	);
INSERT INTO contadb.rangosisr(idrango, idperiodo, annio, limiteinferior, limitesuperior, cuotafija, pctgaplica, idestatus, orden) VALUES (	43	,	3	,	2023	,	61838.11	,	185514.30	,	16130.55	,	34.00	,	1	,	10	);
INSERT INTO contadb.rangosisr(idrango, idperiodo, annio, limiteinferior, limitesuperior, cuotafija, pctgaplica, idestatus, orden) VALUES (	44	,	3	,	2023	,	185514.31	,	999999999.00	,	58180.35	,	35.00	,	1	,	11	);
INSERT INTO contadb.rangosisr(idrango, idperiodo, annio, limiteinferior, limitesuperior, cuotafija, pctgaplica, idestatus, orden) VALUES (	45	,	4	,	2023	,	0.01	,	746.04	,	0.00	,	1.92	,	1	,	1	);
INSERT INTO contadb.rangosisr(idrango, idperiodo, annio, limiteinferior, limitesuperior, cuotafija, pctgaplica, idestatus, orden) VALUES (	46	,	4	,	2023	,	746.05	,	6332.05	,	14.32	,	6.40	,	1	,	2	);
INSERT INTO contadb.rangosisr(idrango, idperiodo, annio, limiteinferior, limitesuperior, cuotafija, pctgaplica, idestatus, orden) VALUES (	47	,	4	,	2023	,	6332.06	,	11128.01	,	371.83	,	10.88	,	1	,	3	);
INSERT INTO contadb.rangosisr(idrango, idperiodo, annio, limiteinferior, limitesuperior, cuotafija, pctgaplica, idestatus, orden) VALUES (	48	,	4	,	2023	,	11128.02	,	12935.82	,	893.63	,	16.00	,	1	,	4	);
INSERT INTO contadb.rangosisr(idrango, idperiodo, annio, limiteinferior, limitesuperior, cuotafija, pctgaplica, idestatus, orden) VALUES (	49	,	4	,	2023	,	12935.83	,	15487.71	,	1182.88	,	17.92	,	1	,	5	);
INSERT INTO contadb.rangosisr(idrango, idperiodo, annio, limiteinferior, limitesuperior, cuotafija, pctgaplica, idestatus, orden) VALUES (	50	,	4	,	2023	,	15487.72	,	31236.49	,	1640.18	,	21.36	,	1	,	6	);
INSERT INTO contadb.rangosisr(idrango, idperiodo, annio, limiteinferior, limitesuperior, cuotafija, pctgaplica, idestatus, orden) VALUES (	51	,	4	,	2023	,	31236.50	,	49233.00	,	5004.12	,	23.52	,	1	,	7	);
INSERT INTO contadb.rangosisr(idrango, idperiodo, annio, limiteinferior, limitesuperior, cuotafija, pctgaplica, idestatus, orden) VALUES (	52	,	4	,	2023	,	49233.01	,	93993.90	,	9236.89	,	30.00	,	1	,	8	);
INSERT INTO contadb.rangosisr(idrango, idperiodo, annio, limiteinferior, limitesuperior, cuotafija, pctgaplica, idestatus, orden) VALUES (	53	,	4	,	2023	,	93993.91	,	125325.20	,	22665.17	,	32.00	,	1	,	9	);
INSERT INTO contadb.rangosisr(idrango, idperiodo, annio, limiteinferior, limitesuperior, cuotafija, pctgaplica, idestatus, orden) VALUES (	54	,	4	,	2023	,	125325.21	,	375975.61	,	32691.18	,	34.00	,	1	,	10	);
INSERT INTO contadb.rangosisr(idrango, idperiodo, annio, limiteinferior, limitesuperior, cuotafija, pctgaplica, idestatus, orden) VALUES (	55	,	4	,	2023	,	375975.62	,	999999999.00	,	117912.32	,	35.00	,	1	,	11	);
INSERT INTO contadb.rangosisr(idrango, idperiodo, annio, limiteinferior, limitesuperior, cuotafija, pctgaplica, idestatus, orden) VALUES (	56	,	6	,	2023	,	0.01	,	2238.12	,	0.00	,	1.92	,	1	,	1	);
INSERT INTO contadb.rangosisr(idrango, idperiodo, annio, limiteinferior, limitesuperior, cuotafija, pctgaplica, idestatus, orden) VALUES (	57	,	6	,	2023	,	8952.50	,	75984.55	,	171.88	,	6.40	,	1	,	2	);
INSERT INTO contadb.rangosisr(idrango, idperiodo, annio, limiteinferior, limitesuperior, cuotafija, pctgaplica, idestatus, orden) VALUES (	58	,	6	,	2023	,	75984.56	,	133536.07	,	4461.94	,	10.88	,	1	,	3	);
INSERT INTO contadb.rangosisr(idrango, idperiodo, annio, limiteinferior, limitesuperior, cuotafija, pctgaplica, idestatus, orden) VALUES (	59	,	6	,	2023	,	133536.08	,	155229.80	,	10723.55	,	16.00	,	1	,	4	);
INSERT INTO contadb.rangosisr(idrango, idperiodo, annio, limiteinferior, limitesuperior, cuotafija, pctgaplica, idestatus, orden) VALUES (	60	,	6	,	2023	,	155229.81	,	185852.57	,	14194.54	,	17.92	,	1	,	5	);
INSERT INTO contadb.rangosisr(idrango, idperiodo, annio, limiteinferior, limitesuperior, cuotafija, pctgaplica, idestatus, orden) VALUES (	61	,	6	,	2023	,	185852.58	,	374837.88	,	19682.13	,	21.36	,	1	,	6	);
INSERT INTO contadb.rangosisr(idrango, idperiodo, annio, limiteinferior, limitesuperior, cuotafija, pctgaplica, idestatus, orden) VALUES (	62	,	6	,	2023	,	374837.89	,	590795.99	,	60049.40	,	23.52	,	1	,	7	);
INSERT INTO contadb.rangosisr(idrango, idperiodo, annio, limiteinferior, limitesuperior, cuotafija, pctgaplica, idestatus, orden) VALUES (	63	,	6	,	2023	,	590796.00	,	1127926.84	,	110842.74	,	30.00	,	1	,	8	);
INSERT INTO contadb.rangosisr(idrango, idperiodo, annio, limiteinferior, limitesuperior, cuotafija, pctgaplica, idestatus, orden) VALUES (	64	,	6	,	2023	,	1127926.85	,	1503902.46	,	271981.99	,	32.00	,	1	,	9	);
INSERT INTO contadb.rangosisr(idrango, idperiodo, annio, limiteinferior, limitesuperior, cuotafija, pctgaplica, idestatus, orden) VALUES (	65	,	6	,	2023	,	1503902.47	,	4511707.37	,	392294.17	,	34.00	,	1	,	10	);
INSERT INTO contadb.rangosisr(idrango, idperiodo, annio, limiteinferior, limitesuperior, cuotafija, pctgaplica, idestatus, orden) VALUES (	66	,	6	,	2023	,	4511707.38	,	999999999.00	,	1414947.85	,	35.00	,	1	,	11	);
