/*
SQLyog Community v13.2.0 (64 bit)
MySQL - 10.4.28-MariaDB : Database - contadb
*********************************************************************
*/

/*!40101 SET NAMES utf8 */;

/*!40101 SET SQL_MODE=''*/;

/*!40014 SET @OLD_UNIQUE_CHECKS=@@UNIQUE_CHECKS, UNIQUE_CHECKS=0 */;
/*!40014 SET @OLD_FOREIGN_KEY_CHECKS=@@FOREIGN_KEY_CHECKS, FOREIGN_KEY_CHECKS=0 */;
/*!40101 SET @OLD_SQL_MODE=@@SQL_MODE, SQL_MODE='NO_AUTO_VALUE_ON_ZERO' */;
/*!40111 SET @OLD_SQL_NOTES=@@SQL_NOTES, SQL_NOTES=0 */;
CREATE DATABASE /*!32312 IF NOT EXISTS*/`contadb` /*!40100 DEFAULT CHARACTER SET utf8mb4 COLLATE utf8mb4_general_ci */;

USE `contadb`;

/*Table structure for table `catconceptosresultado` */

DROP TABLE IF EXISTS `catconceptosresultado`;

CREATE TABLE `catconceptosresultado` (
  `idfila` int(11) NOT NULL,
  `idorden` int(11) NOT NULL,
  `concepto` varchar(255) DEFAULT NULL,
  `multiplicador` int(11) NOT NULL DEFAULT 1,
  `pctggravado` decimal(18,6) NOT NULL DEFAULT 0.000000,
  `monto` decimal(18,6) NOT NULL,
  `excento` decimal(18,6) NOT NULL,
  `gravado` decimal(18,6) DEFAULT NULL,
  `idestatus` int(11) NOT NULL,
  `fereg` timestamp NOT NULL DEFAULT current_timestamp(),
  `femod` datetime DEFAULT NULL,
  PRIMARY KEY (`idfila`)
) ENGINE=InnoDB DEFAULT CHARSET=utf8mb4 COLLATE=utf8mb4_general_ci;

/*Data for the table `catconceptosresultado` */

insert  into `catconceptosresultado`(`idfila`,`idorden`,`concepto`,`multiplicador`,`pctggravado`,`monto`,`excento`,`gravado`,`idestatus`,`fereg`,`femod`) values 
(1,0,'Salario comodin',1,1.000000,0.000000,0.000000,0.000000,1,'2023-09-23 06:13:33',NULL),
(2,1,'Tiempo Extra comodin',1,0.000000,0.000000,0.000000,0.000000,1,'2023-09-23 06:13:57',NULL),
(3,5,'Dia de Descanso Laborado',1,0.000000,0.000000,0.000000,0.000000,1,'2023-09-23 06:14:08',NULL),
(4,6,'Prima Dominical',1,0.000000,0.000000,0.000000,0.000000,1,'2023-09-23 06:14:14',NULL),
(5,10,'Totales comodin',1,0.000000,0.000000,0.000000,0.000000,1,'2023-09-23 06:14:22',NULL),
(6,11,'Limite Inferior ISR',-1,0.000000,0.000000,0.000000,0.000000,1,'2023-09-23 06:14:25',NULL),
(7,12,'Excedente Limite Inferior ISR',1,0.000000,0.000000,0.000000,0.000000,1,'2023-09-23 06:15:14',NULL),
(8,13,'Porcentaje Aplicable Limite Inferior ISR',1,0.000000,0.000000,0.000000,0.000000,1,'2023-09-23 06:15:26',NULL),
(9,14,'ISR Marginal',1,0.000000,0.000000,0.000000,0.000000,1,'2023-09-23 06:15:33',NULL),
(10,15,'Cuota Fija',1,0.000000,0.000000,0.000000,0.000000,1,'2023-09-23 06:15:39',NULL),
(11,16,'Subsidio al Empleo Correspondiente',-1,0.000000,0.000000,0.000000,0.000000,1,'2023-09-23 06:16:04',NULL),
(12,17,'ISR a Retener comodin',1,0.000000,0.000000,0.000000,0.000000,1,'2023-09-23 06:16:22',NULL),
(13,2,'Pagos de Prevision Social',1,0.000000,0.000000,0.000000,0.000000,1,'2023-10-01 18:50:32',NULL),
(14,3,'Aguinaldo',1,0.000000,0.000000,0.000000,0.000000,1,'2023-10-01 18:50:45',NULL),
(15,4,'Prima Vacacional',1,0.000000,0.000000,0.000000,0.000000,1,'2023-10-01 20:07:57',NULL),
(16,7,'Indemnizacion',1,0.000000,0.000000,0.000000,0.000000,1,'2023-10-09 22:45:02',NULL),
(17,8,'Bonos',1,0.000000,0.000000,0.000000,0.000000,1,'2023-10-09 22:51:43',NULL),
(18,9,'PTU',1,0.000000,0.000000,0.000000,0.000000,1,'2023-10-10 20:17:49',NULL);

/*Table structure for table `catjornadas` */

DROP TABLE IF EXISTS `catjornadas`;

CREATE TABLE `catjornadas` (
  `idjornada` int(11) NOT NULL,
  `jornada` varchar(50) DEFAULT NULL,
  `maxhorastrabajo` int(11) NOT NULL DEFAULT 8,
  `maxhorasextras` int(11) NOT NULL DEFAULT 1,
  `annio` int(11) NOT NULL,
  `idestatus` int(11) NOT NULL DEFAULT 1,
  `fereg` timestamp NOT NULL DEFAULT current_timestamp(),
  `femod` datetime DEFAULT NULL,
  PRIMARY KEY (`idjornada`)
) ENGINE=InnoDB DEFAULT CHARSET=utf8mb4 COLLATE=utf8mb4_general_ci;

/*Data for the table `catjornadas` */

insert  into `catjornadas`(`idjornada`,`jornada`,`maxhorastrabajo`,`maxhorasextras`,`annio`,`idestatus`,`fereg`,`femod`) values 
(1,'diurna',8,4,2023,1,'2023-09-23 05:38:04',NULL),
(2,'nocturna',7,3,2023,1,'2023-09-23 05:38:14',NULL),
(3,'mixta',7,3,2023,1,'2023-09-23 05:38:23',NULL);

/*Table structure for table `catoperadores` */

DROP TABLE IF EXISTS `catoperadores`;

CREATE TABLE `catoperadores` (
  `idoperador` int(11) NOT NULL,
  `operador` varchar(50) NOT NULL,
  `idestatus` int(11) NOT NULL DEFAULT 1,
  PRIMARY KEY (`idoperador`)
) ENGINE=InnoDB DEFAULT CHARSET=utf8mb4 COLLATE=utf8mb4_general_ci;

/*Data for the table `catoperadores` */

insert  into `catoperadores`(`idoperador`,`operador`,`idestatus`) values 
(1,'ninguno',1),
(2,'suma',1),
(3,'multiplicador',1);

/*Table structure for table `catparametros` */

DROP TABLE IF EXISTS `catparametros`;

CREATE TABLE `catparametros` (
  `idparametro` bigint(20) NOT NULL,
  `parametro` varchar(255) NOT NULL,
  `valor` decimal(18,6) NOT NULL DEFAULT 0.000000,
  `idoperador` int(11) NOT NULL DEFAULT 1,
  `idunidad` int(11) NOT NULL DEFAULT 1,
  `idperiodo` int(11) NOT NULL DEFAULT 1,
  `limiteinf` decimal(18,6) DEFAULT 0.000000,
  `limitemax` decimal(18,6) DEFAULT 0.000000,
  `idestatus` int(11) NOT NULL DEFAULT 1,
  `annio` int(11) NOT NULL,
  `aplicaisr` int(11) NOT NULL DEFAULT 0,
  `pctgaplicaisr` decimal(18,6) DEFAULT 0.000000,
  `fereg` timestamp NOT NULL DEFAULT current_timestamp(),
  `femod` datetime DEFAULT NULL,
  PRIMARY KEY (`idparametro`)
) ENGINE=InnoDB DEFAULT CHARSET=utf8mb4 COLLATE=utf8mb4_general_ci;

/*Data for the table `catparametros` */

insert  into `catparametros`(`idparametro`,`parametro`,`valor`,`idoperador`,`idunidad`,`idperiodo`,`limiteinf`,`limitemax`,`idestatus`,`annio`,`aplicaisr`,`pctgaplicaisr`,`fereg`,`femod`) values 
(1,'prima dominical',51.820000,1,1,2,51.820000,51.820000,1,2023,0,0.000000,'2023-09-21 00:12:37',NULL),
(2,'uma diaria',103.740000,1,1,1,103.740000,103.740000,1,2023,0,0.000000,'2023-09-21 00:12:38',NULL),
(3,'salario minimo general',207.440000,1,1,1,207.440000,414.880000,1,2023,2,100.000000,'2023-09-21 00:12:38',NULL),
(4,'salario minimo general frontera',312.410000,1,1,1,312.410000,624.820000,1,2023,2,100.000000,'2023-09-21 00:12:38',NULL),
(5,'horas extras dobles',2.000000,2,3,7,1.000000,3.000000,1,2023,2,50.000000,'2023-09-21 00:12:38',NULL),
(6,'horas extras triples',3.000000,2,3,7,4.000000,8.000000,1,2023,1,100.000000,'2023-09-21 00:12:38',NULL),
(7,'limite aguinaldo excento',8.526600,1,4,4,8.526600,8.526600,1,2023,0,0.000000,'2023-10-01 21:02:53',NULL),
(8,'dias de aguinaldo',15.000000,1,4,1,1.000000,15.000000,1,2023,0,0.000000,'2023-10-01 21:12:23',NULL),
(9,'limite prima vacacional',1556.100000,1,4,4,1556.100000,1556.100000,1,2023,0,0.000000,'2023-10-01 21:28:10',NULL),
(10,'porcentaje prima vacacional',0.250000,1,1,1,0.250000,0.250000,1,2023,0,0.000000,'2023-10-05 22:45:35',NULL),
(11,'limite indemnizacion 90 umas',9336.600000,1,1,1,9336.600000,9336.600000,1,2023,0,0.000000,'2023-10-08 22:06:39',NULL),
(12,'limite de bonos y gratificaciones',8.526600,1,1,1,8.526600,8.566600,1,2023,0,0.000000,'2023-10-09 23:34:59',NULL),
(13,'limite de ptu',1556.100000,1,1,1,1556.100000,1556.100000,1,2023,0,0.000000,'2023-10-10 20:17:07',NULL);

/*Table structure for table `catperiodos` */

DROP TABLE IF EXISTS `catperiodos`;

CREATE TABLE `catperiodos` (
  `idperiodo` int(11) NOT NULL,
  `periodo` varchar(50) NOT NULL,
  `totaldias` int(11) NOT NULL DEFAULT 1,
  `maxhorasextrasdobles` int(11) DEFAULT NULL,
  `maxhorasextrastriples` int(11) DEFAULT NULL,
  `maxhorasextrasdoblesexcentas` int(11) NOT NULL,
  `diasdescanso` int(11) DEFAULT 0,
  `idestatus` int(11) NOT NULL DEFAULT 1,
  PRIMARY KEY (`idperiodo`)
) ENGINE=InnoDB DEFAULT CHARSET=utf8mb4 COLLATE=utf8mb4_general_ci;

/*Data for the table `catperiodos` */

insert  into `catperiodos`(`idperiodo`,`periodo`,`totaldias`,`maxhorasextrasdobles`,`maxhorasextrastriples`,`maxhorasextrasdoblesexcentas`,`diasdescanso`,`idestatus`) values 
(1,'diario',1,1,0,1,0,1),
(2,'semanal',7,9,0,7,1,1),
(3,'quincenal',15,18,0,14,2,1),
(4,'mensual',30,36,0,28,4,1),
(5,'decenales',10,12,0,10,1,1),
(6,'anual',365,468,0,175,52,1),
(7,'hora',0,0,0,0,0,1);

/*Table structure for table `catunidades` */

DROP TABLE IF EXISTS `catunidades`;

CREATE TABLE `catunidades` (
  `idunidad` int(11) NOT NULL,
  `unidad` varchar(50) NOT NULL,
  `idestatus` int(11) NOT NULL DEFAULT 1,
  PRIMARY KEY (`idunidad`)
) ENGINE=InnoDB DEFAULT CHARSET=utf8mb4 COLLATE=utf8mb4_general_ci;

/*Data for the table `catunidades` */

insert  into `catunidades`(`idunidad`,`unidad`,`idestatus`) values 
(1,'pesos',1),
(2,'porcentaje',1),
(3,'horas',1),
(4,'dias',1);

/*Table structure for table `catvacaciones` */

DROP TABLE IF EXISTS `catvacaciones`;

CREATE TABLE `catvacaciones` (
  `idvacaciones` int(11) NOT NULL,
  `annioinicial` int(11) NOT NULL,
  `anniofinal` int(11) NOT NULL,
  `diasvacaciones` int(11) NOT NULL,
  `orden` int(11) DEFAULT NULL,
  `annio` int(11) NOT NULL,
  `idestatus` int(11) NOT NULL DEFAULT 1,
  `fereg` timestamp NOT NULL DEFAULT current_timestamp(),
  `femod` datetime DEFAULT NULL,
  PRIMARY KEY (`idvacaciones`)
) ENGINE=InnoDB DEFAULT CHARSET=utf8mb4 COLLATE=utf8mb4_general_ci;

/*Data for the table `catvacaciones` */

insert  into `catvacaciones`(`idvacaciones`,`annioinicial`,`anniofinal`,`diasvacaciones`,`orden`,`annio`,`idestatus`,`fereg`,`femod`) values 
(1,1,1,12,1,2023,1,'2023-10-05 21:58:19',NULL),
(2,2,2,14,2,2023,1,'2023-10-05 21:58:30',NULL),
(3,3,3,16,3,2023,1,'2023-10-05 21:58:41',NULL),
(4,4,4,18,4,2023,1,'2023-10-05 21:59:01',NULL),
(5,5,5,20,5,2023,1,'2023-10-05 21:59:10',NULL),
(6,6,10,22,6,2023,1,'2023-10-05 21:59:22',NULL),
(7,11,15,24,7,2023,1,'2023-10-05 21:59:37',NULL),
(8,16,20,26,8,2023,1,'2023-10-05 22:00:44',NULL),
(9,21,25,28,9,2023,1,'2023-10-05 22:00:59',NULL),
(10,26,30,30,10,2023,1,'2023-10-05 22:02:06',NULL),
(11,31,35,32,11,2023,1,'2023-10-05 22:02:18',NULL);

/*Table structure for table `rangosisr` */

DROP TABLE IF EXISTS `rangosisr`;

CREATE TABLE `rangosisr` (
  `idrango` bigint(20) NOT NULL,
  `idperiodo` int(11) NOT NULL,
  `annio` int(11) NOT NULL,
  `limiteinferior` decimal(18,6) NOT NULL DEFAULT 0.000000,
  `limitesuperior` decimal(18,6) NOT NULL DEFAULT 0.000000,
  `cuotafija` decimal(18,6) NOT NULL DEFAULT 0.000000,
  `pctgaplica` decimal(18,6) NOT NULL,
  `idestatus` int(11) NOT NULL DEFAULT 1,
  `orden` int(11) DEFAULT NULL,
  `fereg` timestamp NOT NULL DEFAULT current_timestamp(),
  `femod` datetime DEFAULT NULL,
  PRIMARY KEY (`idrango`)
) ENGINE=InnoDB DEFAULT CHARSET=utf8mb4 COLLATE=utf8mb4_general_ci;

/*Data for the table `rangosisr` */

insert  into `rangosisr`(`idrango`,`idperiodo`,`annio`,`limiteinferior`,`limitesuperior`,`cuotafija`,`pctgaplica`,`idestatus`,`orden`,`fereg`,`femod`) values 
(1,1,2023,0.010000,24.540000,0.000000,1.920000,1,1,'2023-09-23 12:57:33',NULL),
(2,1,2023,24.540000,208.290000,0.470000,6.400000,1,2,'2023-09-23 12:57:33',NULL),
(3,1,2023,208.300000,366.050000,12.230000,10.880000,1,3,'2023-09-23 12:57:33',NULL),
(4,1,2023,366.060000,425.520000,29.400000,16.000000,1,4,'2023-09-23 12:57:33',NULL),
(5,1,2023,425.530000,509.460000,38.910000,17.920000,1,5,'2023-09-23 12:57:33',NULL),
(6,1,2023,509.470000,1027.520000,53.950000,21.360000,1,6,'2023-09-23 12:57:33',NULL),
(7,1,2023,1027.530000,1619.510000,164.610000,23.520000,1,7,'2023-09-23 12:57:33',NULL),
(8,1,2023,1619.520000,3091.900000,303.850000,30.000000,1,8,'2023-09-23 12:57:33',NULL),
(9,1,2023,3091.910000,4122.540000,745.560000,32.000000,1,9,'2023-09-23 12:57:33',NULL),
(10,1,2023,4122.550000,12367.620000,1075.370000,34.000000,1,10,'2023-09-23 12:57:33',NULL),
(11,1,2023,12367.630000,999999999.000000,3878.690000,35.000000,1,11,'2023-09-23 12:57:33',NULL),
(12,2,2023,0.010000,171.780000,0.000000,1.920000,1,1,'2023-09-23 12:57:33',NULL),
(13,2,2023,171.790000,1458.030000,3.290000,6.400000,1,2,'2023-09-23 12:57:33',NULL),
(14,2,2023,1458.040000,2562.350000,85.610000,10.880000,1,3,'2023-09-23 12:57:33',NULL),
(15,2,2023,2562.360000,2978.640000,205.800000,16.000000,1,4,'2023-09-23 12:57:33',NULL),
(16,2,2023,2978.650000,3566.220000,272.370000,17.920000,1,5,'2023-09-23 12:57:33',NULL),
(17,2,2023,3566.230000,7192.640000,377.650000,21.360000,1,6,'2023-09-23 12:57:33',NULL),
(18,2,2023,7192.650000,11336.570000,1152.270000,23.520000,1,7,'2023-09-23 12:57:33',NULL),
(19,2,2023,11336.580000,21643.300000,2126.950000,30.000000,1,8,'2023-09-23 12:57:33',NULL),
(20,2,2023,21643.310000,28857.780000,5218.920000,32.000000,1,9,'2023-09-23 12:57:33',NULL),
(21,2,2023,28857.790000,86573.340000,7527.590000,34.000000,1,10,'2023-09-23 12:57:33',NULL),
(22,2,2023,86573.350000,999999999.000000,27150.830000,35.000000,1,11,'2023-09-23 12:57:33',NULL),
(23,5,2023,0.010000,245.400000,0.000000,1.920000,1,1,'2023-09-23 12:57:33',NULL),
(24,5,2023,245.410000,2082.900000,4.700000,6.400000,1,2,'2023-09-23 12:57:33',NULL),
(25,5,2023,2082.910000,3660.500000,122.300000,10.880000,1,3,'2023-09-23 12:57:33',NULL),
(26,5,2023,3660.510000,4255.200000,294.000000,16.000000,1,4,'2023-09-23 12:57:33',NULL),
(27,5,2023,4255.210000,5094.600000,389.100000,17.920000,1,5,'2023-09-23 12:57:33',NULL),
(28,5,2023,5094.610000,10275.200000,539.500000,21.360000,1,6,'2023-09-23 12:57:33',NULL),
(29,5,2023,10275.210000,16195.100000,1646.100000,23.520000,1,7,'2023-09-23 12:57:33',NULL),
(30,5,2023,16195.110000,30919.000000,3038.500000,30.000000,1,8,'2023-09-23 12:57:33',NULL),
(31,5,2023,30919.010000,41225.400000,7455.600000,32.000000,1,9,'2023-09-23 12:57:34',NULL),
(32,5,2023,41225.410000,123676.200000,10753.700000,34.000000,1,10,'2023-09-23 12:57:34',NULL),
(33,5,2023,123676.210000,999999999.000000,38786.900000,35.000000,1,11,'2023-09-23 12:57:34',NULL),
(34,3,2023,0.010000,368.100000,0.000000,1.920000,1,1,'2023-09-23 12:57:34',NULL),
(35,3,2023,368.110000,3124.350000,7.050000,6.400000,1,2,'2023-09-23 12:57:34',NULL),
(36,3,2023,3124.360000,5490.750000,183.450000,10.880000,1,3,'2023-09-23 12:57:34',NULL),
(37,3,2023,5490.760000,6382.800000,441.000000,16.000000,1,4,'2023-09-23 12:57:34',NULL),
(38,3,2023,6382.810000,7641.900000,583.650000,17.920000,1,5,'2023-09-23 12:57:34',NULL),
(39,3,2023,7641.910000,15412.800000,809.250000,21.360000,1,6,'2023-09-23 12:57:34',NULL),
(40,3,2023,15412.810000,24292.650000,2469.150000,23.520000,1,7,'2023-09-23 12:57:34',NULL),
(41,3,2023,24292.660000,46378.500000,4557.750000,30.000000,1,8,'2023-09-23 12:57:34',NULL),
(42,3,2023,46378.510000,61838.100000,11183.400000,32.000000,1,9,'2023-09-23 12:57:34',NULL),
(43,3,2023,61838.110000,185514.300000,16130.550000,34.000000,1,10,'2023-09-23 12:57:34',NULL),
(44,3,2023,185514.310000,999999999.000000,58180.350000,35.000000,1,11,'2023-09-23 12:57:34',NULL),
(45,4,2023,0.010000,746.040000,0.000000,1.920000,1,1,'2023-09-23 12:57:34',NULL),
(46,4,2023,746.050000,6332.050000,14.320000,6.400000,1,2,'2023-09-23 12:57:34',NULL),
(47,4,2023,6332.060000,11128.010000,371.830000,10.880000,1,3,'2023-09-23 12:57:34',NULL),
(48,4,2023,11128.020000,12935.820000,893.630000,16.000000,1,4,'2023-09-23 12:57:34',NULL),
(49,4,2023,12935.830000,15487.710000,1182.880000,17.920000,1,5,'2023-09-23 12:57:34',NULL),
(50,4,2023,15487.720000,31236.490000,1640.180000,21.360000,1,6,'2023-09-23 12:57:34',NULL),
(51,4,2023,31236.500000,49233.000000,5004.120000,23.520000,1,7,'2023-09-23 12:57:34',NULL),
(52,4,2023,49233.010000,93993.900000,9236.890000,30.000000,1,8,'2023-09-23 12:57:34',NULL),
(53,4,2023,93993.910000,125325.200000,22665.170000,32.000000,1,9,'2023-09-23 12:57:34',NULL),
(54,4,2023,125325.210000,375975.610000,32691.180000,34.000000,1,10,'2023-09-23 12:57:34',NULL),
(55,4,2023,375975.620000,999999999.000000,117912.320000,35.000000,1,11,'2023-09-23 12:57:34',NULL),
(56,6,2023,0.010000,2238.120000,0.000000,1.920000,1,1,'2023-09-23 12:57:34',NULL),
(57,6,2023,8952.500000,75984.550000,171.880000,6.400000,1,2,'2023-09-23 12:57:34',NULL),
(58,6,2023,75984.560000,133536.070000,4461.940000,10.880000,1,3,'2023-09-23 12:57:34',NULL),
(59,6,2023,133536.080000,155229.800000,10723.550000,16.000000,1,4,'2023-09-23 12:57:34',NULL),
(60,6,2023,155229.810000,185852.570000,14194.540000,17.920000,1,5,'2023-09-23 12:57:34',NULL),
(61,6,2023,185852.580000,374837.880000,19682.130000,21.360000,1,6,'2023-09-23 12:57:34',NULL),
(62,6,2023,374837.890000,590795.990000,60049.400000,23.520000,1,7,'2023-09-23 12:57:34',NULL),
(63,6,2023,590796.000000,1127926.840000,110842.740000,30.000000,1,8,'2023-09-23 12:57:34',NULL),
(64,6,2023,1127926.850000,1503902.460000,271981.990000,32.000000,1,9,'2023-09-23 12:57:34',NULL),
(65,6,2023,1503902.470000,4511707.370000,392294.170000,34.000000,1,10,'2023-09-23 12:57:34',NULL),
(66,6,2023,4511707.380000,999999999.000000,1414947.850000,35.000000,1,11,'2023-09-23 12:57:34',NULL);

/*Table structure for table `rangosisrdescuento` */

DROP TABLE IF EXISTS `rangosisrdescuento`;

CREATE TABLE `rangosisrdescuento` (
  `idretencion` int(11) NOT NULL,
  `idperiodo` int(11) NOT NULL,
  `annio` int(11) NOT NULL DEFAULT 2023,
  `limiteinferior` decimal(18,6) DEFAULT 0.000000,
  `limitemaximo` decimal(18,6) DEFAULT 0.000000,
  `descuento` decimal(18,6) DEFAULT 0.000000,
  `orden` int(11) DEFAULT NULL,
  `idestatus` int(11) NOT NULL DEFAULT 1,
  `fereg` timestamp NOT NULL DEFAULT current_timestamp(),
  `femod` datetime DEFAULT NULL,
  PRIMARY KEY (`idretencion`)
) ENGINE=InnoDB DEFAULT CHARSET=utf8mb4 COLLATE=utf8mb4_general_ci;

/*Data for the table `rangosisrdescuento` */

insert  into `rangosisrdescuento`(`idretencion`,`idperiodo`,`annio`,`limiteinferior`,`limitemaximo`,`descuento`,`orden`,`idestatus`,`fereg`,`femod`) values 
(1,1,2023,0.010000,58.190000,13.390000,1,1,'2023-09-24 17:51:38',NULL),
(2,1,2023,58.200000,87.280000,13.380000,2,1,'2023-09-24 17:51:38',NULL),
(3,1,2023,87.290000,114.240000,13.380000,3,1,'2023-09-24 17:51:38',NULL),
(4,1,2023,114.250000,116.380000,12.920000,4,1,'2023-09-24 17:51:38',NULL),
(5,1,2023,116.390000,146.250000,12.580000,5,1,'2023-09-24 17:51:38',NULL),
(6,1,2023,146.260000,155.170000,11.650000,6,1,'2023-09-24 17:51:38',NULL),
(7,1,2023,155.180000,175.510000,10.690000,7,1,'2023-09-24 17:51:38',NULL),
(8,1,2023,175.520000,204.760000,9.690000,8,1,'2023-09-24 17:51:38',NULL),
(9,1,2023,204.770000,234.010000,8.340000,9,1,'2023-09-24 17:51:38',NULL),
(10,1,2023,234.020000,242.840000,7.160000,10,1,'2023-09-24 17:51:38',NULL),
(11,1,2023,242.850000,999999999.000000,0.000000,11,1,'2023-09-24 17:51:38',NULL),
(12,2,2023,0.010000,407.330000,93.730000,1,1,'2023-09-24 17:51:38',NULL),
(13,2,2023,407.340000,610.960000,93.660000,2,1,'2023-09-24 17:51:38',NULL),
(14,2,2023,610.970000,799.680000,93.660000,3,1,'2023-09-24 17:51:38',NULL),
(15,2,2023,799.690000,814.660000,90.440000,4,1,'2023-09-24 17:51:38',NULL),
(16,2,2023,814.670000,1023.750000,88.060000,5,1,'2023-09-24 17:51:38',NULL),
(17,2,2023,1023.760000,1086.190000,81.550000,6,1,'2023-09-24 17:51:38',NULL),
(18,2,2023,1086.200000,1228.570000,74.830000,7,1,'2023-09-24 17:51:38',NULL),
(19,2,2023,1228.580000,1433.320000,67.830000,8,1,'2023-09-24 17:51:38',NULL),
(20,2,2023,1433.330000,1638.070000,58.380000,9,1,'2023-09-24 17:51:38',NULL),
(21,2,2023,1638.080000,1699.880000,50.120000,10,1,'2023-09-24 17:51:38',NULL),
(22,2,2023,1699.890000,999999999.000000,0.000000,11,1,'2023-09-24 17:51:38',NULL),
(23,5,2023,0.010000,581.900000,133.900000,1,1,'2023-09-24 17:51:38',NULL),
(24,5,2023,581.910000,872.800000,133.800000,2,1,'2023-09-24 17:51:38',NULL),
(25,5,2023,872.810000,1142.400000,133.800000,3,1,'2023-09-24 17:51:38',NULL),
(26,5,2023,1142.410000,1163.800000,129.200000,4,1,'2023-09-24 17:51:38',NULL),
(27,5,2023,1163.810000,1462.500000,125.800000,5,1,'2023-09-24 17:51:38',NULL),
(28,5,2023,1462.510000,1551.700000,116.500000,6,1,'2023-09-24 17:51:38',NULL),
(29,5,2023,1551.710000,1755.100000,106.900000,7,1,'2023-09-24 17:51:38',NULL),
(30,5,2023,1755.110000,2047.600000,96.900000,8,1,'2023-09-24 17:51:38',NULL),
(31,5,2023,2047.610000,2340.100000,83.400000,9,1,'2023-09-24 17:51:38',NULL),
(32,5,2023,2340.110000,2428.400000,71.600000,10,1,'2023-09-24 17:51:39',NULL),
(33,5,2023,2428.410000,999999999.000000,0.000000,11,1,'2023-09-24 17:51:39',NULL),
(34,3,2023,0.010000,872.850000,200.850000,1,1,'2023-09-24 17:51:39',NULL),
(35,3,2023,872.860000,1309.200000,200.700000,2,1,'2023-09-24 17:51:39',NULL),
(36,3,2023,1309.210000,1713.600000,200.700000,3,1,'2023-09-24 17:51:39',NULL),
(37,3,2023,1713.610000,1745.700000,193.800000,4,1,'2023-09-24 17:51:39',NULL),
(38,3,2023,1745.710000,2193.750000,188.700000,5,1,'2023-09-24 17:51:39',NULL),
(39,3,2023,2193.760000,2327.550000,174.750000,6,1,'2023-09-24 17:51:39',NULL),
(40,3,2023,2327.560000,2632.650000,160.350000,7,1,'2023-09-24 17:51:39',NULL),
(41,3,2023,2632.660000,3071.400000,145.350000,8,1,'2023-09-24 17:51:39',NULL),
(42,3,2023,3071.410000,3510.150000,125.100000,9,1,'2023-09-24 17:51:39',NULL),
(43,3,2023,3510.160000,3642.600000,107.400000,10,1,'2023-09-24 17:51:39',NULL),
(44,3,2023,3642.610000,999999999.000000,0.000000,11,1,'2023-09-24 17:51:39',NULL),
(45,4,2023,0.010000,1768.960000,407.020000,1,1,'2023-09-24 17:51:39',NULL),
(46,4,2023,1768.970000,2653.380000,406.830000,2,1,'2023-09-24 17:51:39',NULL),
(47,4,2023,2653.390000,3472.840000,406.620000,3,1,'2023-09-24 17:51:39',NULL),
(48,4,2023,3472.850000,3537.870000,392.770000,4,1,'2023-09-24 17:51:39',NULL),
(49,4,2023,3537.880000,4446.150000,382.460000,5,1,'2023-09-24 17:51:39',NULL),
(50,4,2023,4446.160000,4717.180000,354.230000,6,1,'2023-09-24 17:51:39',NULL),
(51,4,2023,4717.190000,5335.420000,324.870000,7,1,'2023-09-24 17:51:39',NULL),
(52,4,2023,5335.430000,6224.670000,294.630000,8,1,'2023-09-24 17:51:39',NULL),
(53,4,2023,6224.680000,7113.900000,253.540000,9,1,'2023-09-24 17:51:39',NULL),
(54,4,2023,7113.910000,7382.330000,217.610000,10,1,'2023-09-24 17:51:39',NULL),
(55,4,2023,7382.340000,999999999.000000,0.000000,11,1,'2023-09-24 17:51:39',NULL);

/*!40101 SET SQL_MODE=@OLD_SQL_MODE */;
/*!40014 SET FOREIGN_KEY_CHECKS=@OLD_FOREIGN_KEY_CHECKS */;
/*!40014 SET UNIQUE_CHECKS=@OLD_UNIQUE_CHECKS */;
/*!40111 SET SQL_NOTES=@OLD_SQL_NOTES */;
